,NB_baseline,SVM,RF,XGB,ANN
accuracy,0.76233,0.97029,0.9971,0.9926,0.98359
precision,0.93559,0.96498,0.997,0.98717,0.58599
recall,0.76233,0.97029,0.9971,0.9926,0.58814
