,NB_baseline,SVM,RF,XGB,ANN
accuracy,0.91946,0.99796,0.99968,0.99989,0.99721
precision,0.92857,0.99851,0.99954,0.99992,0.99735
recall,0.93762,0.99667,0.99956,0.99994,0.99377
