,NB_baseline,SVM,RF,XGB,ANN
accuracy,0.90937,0.99206,0.99979,0.99979,0.99678
precision,0.92357,0.99347,0.99983,0.99983,0.99752
recall,0.92883,0.99091,0.99987,0.99987,0.99792
